@_fa,prism:url,eid,dc:title,dc:creator,prism:publicationName,prism:issn,prism:volume,prism:pageRange,prism:coverDate,prism:coverDisplayDate,prism:doi,citedby-count,affiliation,prism:aggregationType,subtype,subtypeDescription,openaccess,openaccessFlag,prism:eIssn,freetoread,freetoreadLabel,prism:issueIdentifier
true,https://api.elsevier.com/content/abstract/scopus_id/105046614761,2-s2.0-105046614761,Superior tribological performance of additively manufactured Inconel 625 enabled by in situ phase manipulation,Liu G.,Tribology International,0301679X,226,,2027-02-01,February 2027,10.1016/j.triboint.2026.112566,0,"[{'@_fa': 'true', 'affilname': 'Nanjing University of Aeronautics and Astronautics', 'affiliation-city': 'Nanjing', 'affiliation-country': 'China'}, {'@_fa': 'true', 'affilname': 'Central South University of Forestry and Technology', 'affiliation-city': 'Changsha', 'affiliation-country': 'China'}, {'@_fa': 'true', 'affilname': 'College of Mechanical and Electrical Engineering', 'affiliation-city': 'Changsha', 'affiliation-country': 'China'}, {'@_fa': 'true', 'affilname': 'State Key Laboratory of Precision Manufacturing for Extreme Service Performance', 'affiliation-city': 'Changsha', 'affiliation-country': 'China'}]",Journal,ar,Article,0,False,,,,
true,https://api.elsevier.com/content/abstract/scopus_id/105045947286,2-s2.0-105045947286,A review of processing and performance of MAR-M247 nickel-based superalloy for aerospace applications,Roozban F.,Results in Engineering,,32,,2026-12-01,December 2026,10.1016/j.rineng.2026.112169,1,"[{'@_fa': 'true', 'affilname': 'Tarbiat Modares University', 'affiliation-city': 'Tehran', 'affiliation-country': 'Iran'}, {'@_fa': 'true', 'affilname': 'Iran University of Science and Technology', 'affiliation-city': 'Tehran', 'affiliation-country': 'Iran'}, {'@_fa': 'true', 'affilname': 'Islamic Azad University, Karaj Branch', 'affiliation-city': 'Karaj', 'affiliation-country': 'Iran'}, {'@_fa': 'true', 'affilname': 'Materials and Energy Research Centre Iran', 'affiliation-city': 'Karaj', 'affiliation-country': 'Iran'}]",Journal,re,Review,1,True,25901230,"{'value': [{'$': 'all'}, {'$': 'publisherfullgold'}]}","{'value': [{'$': 'All Open Access'}, {'$': 'Gold'}]}",
true,https://api.elsevier.com/content/abstract/scopus_id/105046517456,2-s2.0-105046517456,Hot corrosion of additively manufactured Inconel 718 in molten solar salt: Effects of heat treatment and long-term exposure,Faraji M.,Journal of Energy Storage,,179,,2026-11-30,30 November 2026,10.1016/j.est.2026.124011,0,"[{'@_fa': 'true', 'affilname': 'Università degli Studi di Padova', 'affiliation-city': 'Padua', 'affiliation-country': 'Italy'}, {'@_fa': 'true', 'affilname': 'Technical University of Denmark', 'affiliation-city': 'Lyngby', 'affiliation-country': 'Denmark'}, {'@_fa': 'true', 'affilname': 'Istituto Nazionale di Fisica Nucleare, Sezione di Padova', 'affiliation-city': 'Padua', 'affiliation-country': 'Italy'}, {'@_fa': 'true', 'affilname': 'Fraunhofer Institute for Solar Energy Systems ISE', 'affiliation-city': 'Freiburg im Breisgau', 'affiliation-country': 'Germany'}]",Journal,ar,Article,1,True,2352152X,"{'value': [{'$': 'all'}, {'$': 'publisherhybridgold'}]}","{'value': [{'$': 'All Open Access'}, {'$': 'Hybrid Gold'}]}",
true,https://api.elsevier.com/content/abstract/scopus_id/105047523176,2-s2.0-105047523176,Enhanced printability and high-temperature strength of a high-Al/Ti Ni-based superalloy fabricated by additive manufacturing,Lv Y.,Materials Science and Engineering A,09215093,975,,2026-11-01,November 2026,10.1016/j.msea.2026.150959,0,"[{'@_fa': 'true', 'affilname': 'Tianjin University', 'affiliation-city': 'Tianjin', 'affiliation-country': 'China'}, {'@_fa': 'true', 'affilname': 'Kunming University of Science and Technology', 'affiliation-city': 'Kunming', 'affiliation-country': 'China'}, {'@_fa': 'true', 'affilname': 'School of Resources and Materials, Northeastern University', 'affiliation-city': 'Qinhuangdao', 'affiliation-country': 'China'}, {'@_fa': 'true', 'affilname': 'Suzhou Nuclear Power Research Institute Co., Ltd.', 'affiliation-city': 'Suzhou', 'affiliation-country': 'China'}]",Journal,ar,Article,0,False,,,,
true,https://api.elsevier.com/content/abstract/scopus_id/105046569303,2-s2.0-105046569303,Tailoring the microstructure evolution and mechanical properties for a novel N-doping NiCoCr-based superalloy processed by heat treatment after additive manufacturing,Xu J.,Materials Science and Engineering A,09215093,975,,2026-11-01,November 2026,10.1016/j.msea.2026.150899,0,"[{'@_fa': 'true', 'affilname': 'Shanghai Jiao Tong University', 'affiliation-city': 'Shanghai', 'affiliation-country': 'China'}, {'@_fa': 'true', 'affilname': 'North China University of Water Resources and Electric Power', 'affiliation-city': 'Zhengzhou', 'affiliation-country': 'China'}, {'@_fa': 'true', 'affilname': 'Shanghai Key Laboratory of Materials Laser Processing and Modification', 'affiliation-city': 'Shanghai', 'affiliation-country': 'China'}, {'@_fa': 'true', 'affilname': 'CITIC Heavy Industries CO. Ltd', 'affiliation-city': 'Luoyang', 'affiliation-country': 'China'}]",Journal,ar,Article,0,False,,,,
true,https://api.elsevier.com/content/abstract/scopus_id/105046826717,2-s2.0-105046826717,In situ B4C decomposition enables strength–ductility synergy in additively manufactured Ni-based superalloy at intermediate temperature,Yang Z.,Materials Science and Engineering A,09215093,975,,2026-11-01,November 2026,10.1016/j.msea.2026.150912,0,"[{'@_fa': 'true', 'affilname': 'Beihang University', 'affiliation-city': 'Beijing', 'affiliation-country': 'China'}, {'@_fa': 'true', 'affilname': 'Harbin Engineering University', 'affiliation-city': 'Harbin', 'affiliation-country': 'China'}]",Journal,ar,Article,0,False,,,,
true,https://api.elsevier.com/content/abstract/scopus_id/105047316401,2-s2.0-105047316401,IN718-induced compositional ductilization suppresses hot cracking in laser directed energy deposited DZ125 superalloy,Cheng F.,Materials Characterization,10445803,240,,2026-10-01,October 2026,10.1016/j.matchar.2026.116913,0,"[{'@_fa': 'true', 'affilname': ""Chang'an University"", 'affiliation-city': ""Xi'an"", 'affiliation-country': 'China'}, {'@_fa': 'true', 'affilname': 'Sinopec', 'affiliation-city': 'Beijing', 'affiliation-country': 'China'}, {'@_fa': 'true', 'affilname': 'PetroChina Company Limited', 'affiliation-city': 'Beijing', 'affiliation-country': 'China'}, {'@_fa': 'true', 'affilname': 'Ltd.', 'affiliation-city': ""Xi'an"", 'affiliation-country': 'China'}, {'@_fa': 'true', 'affilname': 'Ltd.', 'affiliation-city': ""Xi'an"", 'affiliation-country': 'China'}, {'@_fa': 'true', 'affilname': ""Xi'an Petroleum University"", 'affiliation-city': ""Xi'an"", 'affiliation-country': 'China'}]",Journal,ar,Article,0,False,,,,
true,https://api.elsevier.com/content/abstract/scopus_id/105044807898,2-s2.0-105044807898,Effect of heat treatment on microstructural evolution and mechanical behavior of additively manufactured IN939 superalloy,Shahwaz M.,Materials Science and Engineering A,09215093,973,,2026-10-01,October 2026,10.1016/j.msea.2026.150716,0,"[{'@_fa': 'true', 'affilname': 'Indian Institute of Technology Kharagpur', 'affiliation-city': 'Kharagpur', 'affiliation-country': 'India'}, {'@_fa': 'true', 'affilname': 'Dublin City University', 'affiliation-city': 'Dublin', 'affiliation-country': 'Ireland'}]",Journal,ar,Article,0,False,,,,
true,https://api.elsevier.com/content/abstract/scopus_id/105046794192,2-s2.0-105046794192,Laser-directed energy deposition of Y₂O₃ nanoparticle-reinforced GH5188 superalloy with enhanced strength,Yan Y.,Journal of Alloys and Compounds,09258388,1080,,2026-09-25,25 September 2026,10.1016/j.jallcom.2026.190339,0,"[{'@_fa': 'true', 'affilname': 'Monash University', 'affiliation-city': 'Melbourne', 'affiliation-country': 'Australia'}, {'@_fa': 'true', 'affilname': 'Wuhan University of Technology', 'affiliation-city': 'Wuhan', 'affiliation-country': 'China'}, {'@_fa': 'true', 'affilname': 'State Key Laboratory of Advanced Technology for Materials Synthesis and Processing', 'affiliation-city': 'Wuhan', 'affiliation-country': 'China'}, {'@_fa': 'true', 'affilname': 'Beijing Institute of Aeronautical Materials', 'affiliation-city': 'Beijing', 'affiliation-country': 'China'}, {'@_fa': 'true', 'affilname': 'Hubei Longzhong Laboratory', 'affiliation-city': 'Xiangyang', 'affiliation-country': 'China'}]",Journal,ar,Article,0,False,,,,
true,https://api.elsevier.com/content/abstract/scopus_id/105046907149,2-s2.0-105046907149,Microstructural damage and hardening mechanism of additively manufactured Ni-Mo-Cr superalloy under ion irradiation,Zhang W.,Journal of Alloys and Compounds,09258388,1080,,2026-09-25,25 September 2026,10.1016/j.jallcom.2026.190337,0,"[{'@_fa': 'true', 'affilname': 'University of Chinese Academy of Sciences', 'affiliation-city': 'Beijing', 'affiliation-country': 'China'}, {'@_fa': 'true', 'affilname': 'Lanzhou University', 'affiliation-city': 'Lanzhou', 'affiliation-country': 'China'}, {'@_fa': 'true', 'affilname': 'Shanghai Institute of Applied Physics, Chinese Academy of Sciences', 'affiliation-city': 'Shanghai', 'affiliation-country': 'China'}]",Journal,ar,Article,0,False,,,,
true,https://api.elsevier.com/content/abstract/scopus_id/105044893354,2-s2.0-105044893354,Use of Rhenium-alloyed powders in additive manufacturing: Current status and challenges,Duman İ.C.,Journal of Alloys and Compounds,09258388,1079,,2026-08-15,15 August 2026,10.1016/j.jallcom.2026.189864,0,"[{'@_fa': 'true', 'affilname': 'Karadeniz Technical University', 'affiliation-city': 'Trabzon', 'affiliation-country': 'Turkey'}, {'@_fa': 'true', 'affilname': 'Arifov Institute of Ion-Plasma and Laser Technologies', 'affiliation-city': 'Tashkent', 'affiliation-country': 'Uzbekistan'}]",Journal,re,Review,0,False,,,,
true,https://api.elsevier.com/content/abstract/scopus_id/105047154304,2-s2.0-105047154304,Instability in single-crystal epitaxy during laser powder bed fusion driven by solidification interface morphology,Peng Y.,Additive Manufacturing,,128,,2026-07-25,25 July 2026,10.1016/j.addma.2026.105339,0,"[{'@_fa': 'true', 'affilname': 'Tohoku University', 'affiliation-city': 'Sendai', 'affiliation-country': 'Japan'}, {'@_fa': 'true', 'affilname': 'Northwestern Polytechnical University', 'affiliation-city': ""Xi'an"", 'affiliation-country': 'China'}, {'@_fa': 'true', 'affilname': 'Hunan University', 'affiliation-city': 'Changsha', 'affiliation-country': 'China'}, {'@_fa': 'true', 'affilname': 'Institute of Metal Research Chinese Academy of Sciences', 'affiliation-city': 'Shenyang', 'affiliation-country': 'China'}, {'@_fa': 'true', 'affilname': 'Shimane University', 'affiliation-city': 'Matsue', 'affiliation-country': 'Japan'}, {'@_fa': 'true', 'affilname': 'State Key Laboratory of Solidification Processing', 'affiliation-city': ""Xi'an"", 'affiliation-country': 'China'}, {'@_fa': 'true', 'affilname': 'School of Materials Science and Engineering', 'affiliation-city': 'Zhengzhou', 'affiliation-country': 'China'}, {'@_fa': 'true', 'affilname': 'Beijing Institute of Aeronautical Materials', 'affiliation-city': 'Beijing', 'affiliation-country': 'China'}]",Journal,ar,Article,0,False,22148604,,,
true,https://api.elsevier.com/content/abstract/scopus_id/105047279506,2-s2.0-105047279506,Enhancing fatigue resistance of additively manufactured novel Ni-based superalloy via crystal orientation and intergranular strain compatibility: An experimental and numerical investigation,Meng H.,Additive Manufacturing,,128,,2026-07-25,25 July 2026,10.1016/j.addma.2026.105347,0,"[{'@_fa': 'true', 'affilname': 'Northwestern Polytechnical University', 'affiliation-city': ""Xi'an"", 'affiliation-country': 'China'}, {'@_fa': 'true', 'affilname': 'National Key Laboratory of Aerospace Liquid Propulsion', 'affiliation-city': ""Xi'an"", 'affiliation-country': 'China'}]",Journal,ar,Article,0,False,22148604,,,
true,https://api.elsevier.com/content/abstract/scopus_id/105046559765,2-s2.0-105046559765,On the scattering of high-cycle fatigue life of laser directed energy deposition repaired Inconel 718 superalloy,Zhou Y.,Additive Manufacturing,,127,,2026-07-05,5 July 2026,10.1016/j.addma.2026.105321,0,"[{'@_fa': 'true', 'affilname': ""State Key Laboratory for Manufacturing Systems Engineering, Xi'an Jiaotong University"", 'affiliation-city': ""Xi'an"", 'affiliation-country': 'China'}, {'@_fa': 'true', 'affilname': 'BYD Company Ltd.', 'affiliation-city': 'Shenzhen', 'affiliation-country': 'China'}]",Journal,ar,Article,0,False,22148604,,,
true,https://api.elsevier.com/content/abstract/scopus_id/105045919125,2-s2.0-105045919125,Design for Metal Additive Manufacturing: A Review of Design Strategies and Process Constraints,Nhanga J.N.,Metals,,16,,2026-07-01,July 2026,10.3390/met16070721,0,"[{'@_fa': 'true', 'affilname': 'Universidade do Porto', 'affiliation-city': 'Porto', 'affiliation-country': 'Portugal'}, {'@_fa': 'true', 'affilname': 'Instituto de Ciência e Inovação em Engenharia Mecânica e Engenharia Industrial', 'affiliation-city': 'Porto', 'affiliation-country': 'Portugal'}, {'@_fa': 'true', 'affilname': 'Universidade do Namibe', 'affiliation-city': 'Moçâmedes', 'affiliation-country': 'Angola'}]",Journal,re,Review,1,True,20754701,"{'value': [{'$': 'all'}, {'$': 'publisherfullgold'}]}","{'value': [{'$': 'All Open Access'}, {'$': 'Gold'}]}",7
true,https://api.elsevier.com/content/abstract/scopus_id/105045810763,2-s2.0-105045810763,Additively Manufactured Ni–Co Superalloys for Hydrogen Safety Enhancement of Gas-Turbine Energy Systems: Microstructural Degradation and Crack Initiation Mechanisms,Balitskii A.I.,Energies,,19,,2026-07-01,July 2026,10.3390/en19143295,0,"[{'@_fa': 'true', 'affilname': 'University of Waterloo', 'affiliation-city': 'Waterloo', 'affiliation-country': 'Canada'}, {'@_fa': 'true', 'affilname': 'West Pomeranian University of Technology in Szczecin', 'affiliation-city': 'Szczecin', 'affiliation-country': 'Poland'}, {'@_fa': 'true', 'affilname': 'Uniwersytet Szczecinski', 'affiliation-city': 'Szczecin', 'affiliation-country': 'Poland'}, {'@_fa': 'true', 'affilname': 'Karpenko Physico-Mechanical Institute of the NAS of Ukraine', 'affiliation-city': 'Lviv', 'affiliation-country': 'Ukraine'}, {'@_fa': 'true', 'affilname': 'Luhansk Taras Shevchenko National University', 'affiliation-city': 'Starobilsk', 'affiliation-country': 'Ukraine'}]",Journal,re,Review,1,True,19961073,"{'value': [{'$': 'all'}, {'$': 'publisherfullgold'}]}","{'value': [{'$': 'All Open Access'}, {'$': 'Gold'}]}",14
true,https://api.elsevier.com/content/abstract/scopus_id/105044926475,2-s2.0-105044926475,Friction stir welding and friction stir processing of additively manufactured components: A comprehensive review,Akbari M.,Journal of Materials Research and Technology,22387854,43,5137-5166,2026-07-01,July - August 2026,10.1016/j.jmrt.2026.07.092,0,"[{'@_fa': 'true', 'affilname': 'Shahid Beheshti University', 'affiliation-city': 'Tehran', 'affiliation-country': 'Iran'}, {'@_fa': 'true', 'affilname': 'Azarbaijan Shahid Madani University', 'affiliation-city': 'Tabriz', 'affiliation-country': 'Iran'}, {'@_fa': 'true', 'affilname': 'Technical and Vocational University', 'affiliation-city': 'Tehran', 'affiliation-country': 'Iran'}]",Journal,ar,Article,1,True,22140697,"{'value': [{'$': 'all'}, {'$': 'publisherfullgold'}]}","{'value': [{'$': 'All Open Access'}, {'$': 'Gold'}]}",
true,https://api.elsevier.com/content/abstract/scopus_id/105045654743,2-s2.0-105045654743,Research progress on residual stresses in additive manufacturing superalloys,Yang J.,Zhongguo Youse Jinshu Xuebao Chinese Journal of Nonferrous Metals,10040609,36,2121-2150,2026-06-01,June 2026,10.11817/j.ysxb.1004.0609.2026-46026,0,"[{'@_fa': 'true', 'affilname': 'Powder Metallurgy Research Institute', 'affiliation-city': 'Changsha', 'affiliation-country': 'China'}]",Journal,re,Review,0,False,,,,6
true,https://api.elsevier.com/content/abstract/scopus_id/105046192082,2-s2.0-105046192082,Mechanical Properties of Nickel-Based Superalloy Produced by Additive Manufacturing,Liu Y.,Mechanisms and Machine Science,22110984,193 MMS,1465-1476,2026-01-01,2026,10.1007/978-3-032-11165-4_98,0,"[{'@_fa': 'true', 'affilname': 'Nanjing University of Aeronautics and Astronautics', 'affiliation-city': 'Nanjing', 'affiliation-country': 'China'}]",Book Series,cp,Conference Paper,0,False,22110992,,,
true,https://api.elsevier.com/content/abstract/scopus_id/105046485878,2-s2.0-105046485878,Additive Manufacturing-Induced Deformation Mechanisms in Co–Ni Superalloys Revealed by Integration of 3D EBSD and In Situ Digital Image Correlation,Lamb J.D.,Advanced Engineering Materials,14381656,,,2026-01-01,2026,10.1002/adem.71127,0,"[{'@_fa': 'true', 'affilname': 'The Robert Mehrabian College of Engineering', 'affiliation-city': 'Santa Barbara', 'affiliation-country': 'United States'}]",Journal,ar,Article,0,False,15272648,,,
true,https://api.elsevier.com/content/abstract/scopus_id/105046812639,2-s2.0-105046812639,Achieving and stabilizing fine near-equiaxed grains in additively manufactured Ni-superalloys,Wang Z.,Materials Research Letters,,,,2026-01-01,2026,10.1080/21663831.2026.2713907,0,"[{'@_fa': 'true', 'affilname': ""Xi'an Jiaotong University"", 'affiliation-city': ""Xi'an"", 'affiliation-country': 'China'}, {'@_fa': 'true', 'affilname': 'Tianjin University', 'affiliation-city': 'Tianjin', 'affiliation-country': 'China'}, {'@_fa': 'true', 'affilname': 'Technical University of Denmark', 'affiliation-city': 'Lyngby', 'affiliation-country': 'Denmark'}, {'@_fa': 'true', 'affilname': 'Taishan Fiberglass Inc.', 'affiliation-city': ""Tai'an"", 'affiliation-country': 'China'}]",Journal,ar,Article,1,True,21663831,"{'value': [{'$': 'all'}, {'$': 'publisherfullgold'}]}","{'value': [{'$': 'All Open Access'}, {'$': 'Gold'}]}",
true,https://api.elsevier.com/content/abstract/scopus_id/105046055791,2-s2.0-105046055791,Ni-Based Superalloy for Aerospace Applications,Sahu S.K.,Lecture Notes on Multidisciplinary Industrial Engineering,25225022,2026,139-157,2026-01-01,2026,10.1007/978-3-032-21139-2_8,0,"[{'@_fa': 'true', 'affilname': 'Government College of Engineering, Keonjhar', 'affiliation-city': 'Kendujhar', 'affiliation-country': 'India'}]",Book Series,ch,Book Chapter,0,False,25225030,,,
true,https://api.elsevier.com/content/abstract/scopus_id/105045027692,2-s2.0-105045027692,External and Internal Cracking Caused by Heat Treatment in Laser Powder Bed Fusion-Fabricated Inconel 738LC Components,Kuwabara K.,Advanced Engineering Materials,14381656,,,2026-01-01,2026,10.1002/adem.71079,0,"[{'@_fa': 'true', 'affilname': 'National Institute for Materials Science', 'affiliation-city': 'Tsukuba', 'affiliation-country': 'Japan'}]",Journal,ar,Article,1,True,15272648,"{'value': [{'$': 'all'}, {'$': 'publisherhybridgold'}]}","{'value': [{'$': 'All Open Access'}, {'$': 'Hybrid Gold'}]}",
true,https://api.elsevier.com/content/abstract/scopus_id/105046953791,2-s2.0-105046953791,Hydrogen-Enhanced Stress Corrosion Cracking of Wire Arc Additive Manufactured Inconel 625 Superalloy in NaCl Solution: Mechanism of Synergistic Degradation,Zhang X.,Materials and Corrosion,09475117,,,2026-01-01,2026,10.1002/maco.70228,0,"[{'@_fa': 'true', 'affilname': 'Institute of Metal Research Chinese Academy of Sciences', 'affiliation-city': 'Shenyang', 'affiliation-country': 'China'}, {'@_fa': 'true', 'affilname': 'Swanson School of Engineering', 'affiliation-city': 'Pittsburgh', 'affiliation-country': 'United States'}, {'@_fa': 'true', 'affilname': 'Nanjing Institute of Technology', 'affiliation-city': 'Nanjing', 'affiliation-country': 'China'}, {'@_fa': 'true', 'affilname': 'Zhejiang KAYO Co. Ltd.', 'affiliation-city': 'Lishui', 'affiliation-country': 'China'}]",Journal,ar,Article,0,False,15214176,,,
true,https://api.elsevier.com/content/abstract/scopus_id/105046137303,2-s2.0-105046137303,Microstructure and mechanical properties of inconel 625 alloy processed by material extrusion: effect of build orientation,Elgack O.,International Journal of Advanced Manufacturing Technology,02683768,,,2026-01-01,2026,10.1007/s00170-026-18750-x,0,"[{'@_fa': 'true', 'affilname': 'University of Sharjah', 'affiliation-city': 'Sharjah', 'affiliation-country': 'United Arab Emirates'}, {'@_fa': 'true', 'affilname': 'Dubai Electricity And Water Authority', 'affiliation-city': 'Dubai', 'affiliation-country': 'United Arab Emirates'}]",Journal,ar,Article,0,False,14333015,,,
true,https://api.elsevier.com/content/abstract/scopus_id/105047502639,2-s2.0-105047502639,Contrasting Effects of TiN and W on Cracking in LPBF Inconel 939,Mariana S.D.L.,3D Printing and Additive Manufacturing,23297662,,,2026-01-01,2026,10.1177/23297662261447324,0,"[{'@_fa': 'true', 'affilname': 'School of Materials Science and Engineering', 'affiliation-city': 'Singapore City', 'affiliation-country': 'Singapore'}, {'@_fa': 'true', 'affilname': 'A-Star, Institute of Materials Research and Engineering', 'affiliation-city': 'Singapore City', 'affiliation-country': 'Singapore'}]",Journal,ar,Article,0,False,23297670,,,
true,https://api.elsevier.com/content/abstract/scopus_id/105046847977,2-s2.0-105046847977,Opportunities and Challenges of Technical Ceramics for Thermal Management in Aviation,Mazzei L.,Lecture Notes in Mechanical Engineering,21954356,,101-120,2026-01-01,2026,10.1007/978-3-032-30740-8_5,0,"[{'@_fa': 'true', 'affilname': 'Ergon Research', 'affiliation-city': 'Florence', 'affiliation-country': 'Italy'}, {'@_fa': 'true', 'affilname': 'Lithoz GmgH', 'affiliation-city': 'Vienna', 'affiliation-country': 'Austria'}]",Book Series,cp,Conference Paper,0,False,21954364,,,
